variant,seed,steps,validation_nll,validation_copy_accuracy,bigram_copy_accuracy,parameters,data_sha256
attention,0,300,0.8751093149185181,1.0,0.25,26176,5539cadc8895acc5cf4f640503e0078d9c385d38ad9a2a866e7b76fdbfd88533
attention,1,300,0.8775328993797302,1.0,0.25,26176,5539cadc8895acc5cf4f640503e0078d9c385d38ad9a2a866e7b76fdbfd88533
attention,2,300,0.8850266933441162,1.0,0.25,26176,5539cadc8895acc5cf4f640503e0078d9c385d38ad9a2a866e7b76fdbfd88533
no-position,0,300,0.8815341591835022,1.0,0.25,26176,5539cadc8895acc5cf4f640503e0078d9c385d38ad9a2a866e7b76fdbfd88533
no-position,1,300,0.874295175075531,1.0,0.25,26176,5539cadc8895acc5cf4f640503e0078d9c385d38ad9a2a866e7b76fdbfd88533
no-position,2,300,0.8819212317466736,1.0,0.25,26176,5539cadc8895acc5cf4f640503e0078d9c385d38ad9a2a866e7b76fdbfd88533
no-attention,0,300,1.0526939630508423,0.2265625,0.25,26176,5539cadc8895acc5cf4f640503e0078d9c385d38ad9a2a866e7b76fdbfd88533
no-attention,1,300,1.0457055568695068,0.25,0.25,26176,5539cadc8895acc5cf4f640503e0078d9c385d38ad9a2a866e7b76fdbfd88533
no-attention,2,300,1.0521702766418457,0.25,0.25,26176,5539cadc8895acc5cf4f640503e0078d9c385d38ad9a2a866e7b76fdbfd88533
