06-functions	新しい入力から出力を求める	入力を3倍して2を足す関数に、0と4を入れると何が出ますか。同じ入力4から13も出ると言われたら、関数の約束と合いますか。	0では2、4では14です。同じ入力に14と13の二つを対応させるなら、出力が一つという約束に合いません。
06u-002	使える入力と実際の出力を分ける	入力を1、2、3に限って、それぞれ2倍します。定義域と値域を列挙してください。入力4は使えますか。	定義域は{1,2,3}、値域は{2,4,6}です。4を2倍する計算自体はできますが、この定義域には4がないため使えません。
06u-003	単位付きの点をグラフへ置く	横軸を時間（分）、縦軸を距離（m）とします。3分で120m進んだ記録は、どの位置に置きますか。横120、縦3としてよいですか。	横3、縦120に置きます。逆に置くと120分で3mという別の記録になるので、軸の名前と単位を一緒に読みます。
06u-004	表の増え方から傾きと切片を読む	直線の表が、入力0、1、2に対して出力5、8、11です。傾きと切片はいくつですか。	入力が1増えるたび出力は3増えるので傾き3。入力0の出力が5なので切片5です。式ならy=3x+5です。
06u-005	操作の順序による違いを計算する	入力2を「3を足す→4倍する」の順で処理した結果と、「4倍する→3を足す」の結果を比べてください。	前者は(2+3)×4=20、後者は2×4+3=11です。後に使う操作へ渡る数が5と8で違うため、順序を交換できません。
06u-006	添字で指定した値を足す	x₁=3、x₂=−1、x₃=5です。Σᵢ₌₁³ xᵢを計算してください。x₂はxを2倍する意味ですか。	3+(−1)+5=7です。下の2は並びの2番目を指定しており、値は−1です。掛け算の2ではありません。
06u-007	積と平均を別々に求める	値1、3、5について、Πで表す積と平均を求めてください。平均を求めるときの分母は何ですか。	積は1×3×5=15、平均は(1+3+5)/3=3です。分母3は値の個数で、最大値5ではありません。
07-logarithms	負の指数も逆算する	2⁴=16、2⁻¹=1/2です。log₂16とlog₂(1/2)を求めてください。	それぞれ4と−1です。対数の答えは、元の正の数を作る指数です。負の指数では逆数になるため、対数も負になり得ます。
07u-002	積の対数と和の対数を区別する	log₂(4×8)とlog₂(4+4)を計算してください。どちらにもlog₂4+log₂8という分解を使えますか。	積はlog₂32=5で、2+3へ分解できます。和はlog₂8=3です。積を和へ変える規則は、足し算の中身には使えません。
07u-003	出来事の確率を数える	等しい確率で1〜6が出るサイコロで、偶数が出る確率はいくつですか。「7が出る」はいくつですか。	偶数は2、4、6の3通りなので3/6=1/2。7は候補にないので0です。確率1/2は二回で必ず一回という約束ではありません。
07u-004	条件で分母を変える	カードは赤丸2枚、赤四角1枚、青丸1枚です。赤だと分かった後に丸である確率は、全体で丸である確率と同じですか。	全体では3/4、赤に絞ると2/3です。条件で割合が変わるため、この例で「赤」と「丸」は独立ではありません。
07u-005	指数と自然対数の逆対応を使う	exp(−1)はeの逆数、exp(1/2)は√eです。ln(exp(−1))とln(exp(1/2))はいくつですか。	それぞれ−1と1/2です。lnとexpは実数の指数と正の値を逆向きに対応させます。「何回掛けるか」の整数の例だけに限定しません。
07u-006	低い確率の正解ほど大きい値になる理由を読む	ln(0.1)≈−2.303、ln(0.5)≈−0.693です。正解に0.1と0.5を付けた二つの予測の−ln(p)を比べてください。	2.303natと0.693natです。正解に低い確率0.1を付けた方が大きい値になり、この尺度では強く外した予測と評価されます。
08-python	表示する計算を変更する	print(2+3)を、8から3を引いた結果を表示する一行へ書き換えてください。	print(8-3)です。表示は5。結果の5を直接書くprint(5)でも表示は同じですが、引き算の指示を確かめるには8-3を残します。
08u-002	OSへの指示とPythonの式を見分ける	版を調べたいとき、ターミナルへ入力するのはpython --versionとprint(2+3)のどちらですか。	python --versionです。print(2+3)はPythonが読む式なので、Pythonの対話画面や.pyファイルで実行します。入力先を混ぜるとエラーの原因になります。
08u-003	保存名と保存場所を確認する	保存したファイルがlesson.py.txtになっていました。Python用に意図した名前とどこが違いますか。	末尾が.txtで、意図したlesson.pyではありません。拡張子を表示して名前を直し、ターミナルの作業場所と保存場所も照合します。
08u-004	変数の値と文字の表示を区別する	price=120の後にprint(price)とprint("price")を実行すると、それぞれ何が表示されますか。	前者は120、後者はpriceです。引用符のない名前はその値を使い、引用符の中は文字列として表示します。
08u-005	代入後の比較を判定する	count=4の後のcount==5はTrueですか。countを5へ変更するには何と書きますか。	比較はFalseです。変更はcount=5と書きます。==は等しいかを調べるだけで、countを書き換えません。
08u-006	数と数字の文字列を分ける	7、7.0、"7"の型を答え、"7"を整数にして2を足す式を書いてください。	順にint、float、strです。int("7")+2なら9。文字のまま数を足す操作とは区別します。
08u-007	比較の結果の型を答える	2>5の値と、その値の型は何ですか。0という整数と同じ型ですか。	値はFalse、型はboolです。整数0の型はintで、等しさを比較できる場合でもtypeで見た型名は同じではありません。
08u-008	負の数の床除算を確かめる	−8//3と−8%3を求め、−8=(商×3)+余りで確かめてください。	商は−3、余りは1です。−3×3+1=−8となります。商を0に近い−2へ切り捨てる規則ではありません。
08u-009	エラーの種類から修正箇所を探す	未定義のprnit(5)でNameErrorが出ました。閉じ括弧を足せば直りますか。	括弧は閉じています。名前prnitをprintに直します。NameErrorは名前を探せないことを示すので、まず綴りと定義を調べます。
09-control	条件の境界を判定する	条件がprice>=100のとき、price=100はif側とelse側のどちらへ進みますか。price>100ならどう変わりますか。	>=100なら等しい場合も含むのでif側、>100なら100は含まずelse側です。境界の値を一つ試すと条件の差が分かります。
09u-002	繰り返しの途中の合計を追う	合計0から[3,−2,4]を一つずつ足します。各回の後の合計を書いてください。	3、1、5です。二回目は3+(−2)=1。最後の4だけが答えになるのではなく、前回までの合計を更新します。
09u-003	繰り返しが終わる条件を確かめる	range(4)の値を列挙してください。while n<4の中でnを一度も変えず、最初が0なら終わりますか。	range(4)は0,1,2,3です。whileの例は条件がずっとTrueなので、そのままでは終わりません。nを増やす等、終わる条件を作ります。
09u-004	返した値を次の計算に使う	関数doubleがreturn x*2で値を返します。double(4)+1はいくつですか。表示だけするprintとの違いは何ですか。	返った8へ1を足して9です。returnは呼び出した式へ値を渡します。printで8が見えることだけでは、その値を返したことになりません。
09u-005	空の入力を平均計算の前に検査する	平均を計算する関数へ[]を渡しました。合計0をlen([])で割る前に何を確認し、どう知らせますか。	長さが0かを確認し、例えばraise ValueError("平均には1個以上の値が必要")で知らせます。0個での平均を0と黙って置き換えると仕様が変わります。
10-data	重複と順序から入れ物を選ぶ	同じ単語が何回出たか調べるため、["a","a","b"]を集合へ変えてから数えてよいですか。	集合ではaが一つにまとまり回数2を失います。元のリストを残して、単語と回数を辞書へ対応させる方法が使えます。
10u-002	切り出す範囲と追加後の個数を読む	[10,20,30,40][1:3]は何ですか。その結果へappend(50)すると長さはいくつですか。	[20,30]です。終点の番号3は含みません。50を一つ追加すると[20,30,50]で長さ3になります。
10u-003	内側の共有による変更を予測する	a=[[1],[2]]を浅くコピーしたbで、b[0][0]=9としました。a[0][0]も変わりますか。防ぐには何をコピーしますか。	内側の[1]を共有しているのでa側も9になります。内側も独立させたいなら深いコピーを使い、実際に元が変わらないか確かめます。
10u-004	空白の除去と分割を追う	"  red blue  ".strip().split()の結果と要素数を答えてください。	["red","blue"]で2個です。stripは両端の空白を除き、引数なしのsplitは空白で区切ります。この規則は全てのLLMのトークン化と同じではありません。
10u-005	欠けたキーの扱いを選ぶ	d={"cat":3}です。d.get("dog",0)の結果と、d["dog"]で起きることを答えてください。	getは指定した既定値0を返し、直接の参照はKeyErrorになります。欠損を0として扱ってよい用途かを先に決めます。
10u-006	保存形式に合わせて値を守る	CSVの一つのセルへa,bという文字列を保存したいとき、そのままa,bと書くと何が困りますか。	区切りのカンマとして読まれ、二つのセルになります。引用符で囲む等のCSV規則を使い、CSV用の書き込み道具で保存して読み戻します。
10u-007	相対パスの基準を特定する	作業フォルダを変更した後にPath("result.json")を使うと、変更前と同じファイルを必ず指しますか。	指すとは限りません。これは作業フォルダを基準にした相対パスです。保存と読込で作業フォルダ、または明示した基準パスをそろえます。
10u-008	実験番号の重複を防ぐ	二つの実験をどちらもrun1という名前へ保存すると何が困りますか。区別できる名前の例を二つ挙げてください。	上書きや取り違えが起きます。run1-seed1とrun1-seed2など条件を含む別名にします。文字の保存は読込側もUTF-8にそろえます。
11-debug	仕様に合う境界のテストを追加する	負数も足せるadd関数を、add(2,3)==5だけで確認しました。追加する入力と期待値を一つ書いてください。	例えばadd(−2,3)==1です。正数だけの成功では、負数の符号を誤る実装を発見できません。空や型の扱いは別に仕様を決めます。
11u-002	許容誤差内かを判定する	期待値2、計算値2.003、許容誤差0.001なら合格ですか。比較する差を書いてください。	abs(2.003−2)=0.003で0.001を超えるので不合格です。符号付きの差だけでなく絶対値を使います。
11u-003	対処できる例外だけを扱う	int("abc")の失敗を、exceptで黙って0へ変えると何を失いますか。	入力が数でなかったという情報を失い、実際の0と区別できません。数への変換失敗を知らせ、入力の修正へ戻す処理を選びます。
11u-004	別々の個体の状態を追う	初期値0のカウンターaとbを作り、aだけ二回増やしました。状態を個体ごとに持つ設計ならaとbはいくつですか。	aは2、bは0です。selfは今操作する個体を指します。bも増えたなら、共有する状態を誤って使っていないか確認します。
11u-005	部品の効果と丸め誤差を区別する	部品を外したときの得点差0.2と、同じ計算の丸めによる差0.000001を同じ「改善」と報告してよいですか。	区別します。前者は部品の比較ですが他条件の統一が必要です。後者は有限精度の差の可能性があり、許容誤差と再実行で調べます。
12-environment	道具の結果を手計算と照合する	NumPyで[2,4,9]の平均を計算する前に、期待する値を紙で求めてください。	(2+4+9)/3=5です。ライブラリが返した値が5でないなら、入力や計算した軸が意図どおりかを調べます。
12u-002	実習に必要な装置を選ぶ	教材がCPUで動く小さい実習を指定しています。GPUがないことを理由に開始を止める必要がありますか。	ありません。まずCPUの手順で入出力を確認します。GPUの速度や複数装置の通信を測ったと主張するには、その装置での別の実測が必要です。
12u-003	導入と実行の環境を照合する	pipで入れたはずの道具がimportで見つかりません。再導入の前に何の対応を確認しますか。	導入に使ったPythonと実行に使うPythonが同じ仮想環境か確認します。その環境のpython -m pipを使うと対応を明示できます。
12u-004	履歴管理と公開を区別する	自分のPCでGitに変更を記録しただけで、GitHubに自動公開されますか。	されません。ローカルの記録とリモートへの送信・公開設定は別です。送る対象を確認してから共有します。
12u-005	公開履歴へ残る情報を点検する	公開するcommitに実名メールを残したくない場合、記録前にどの設定を確認しますか。	作者名と作者メールを確認し、公開用の名前とnoreply等を設定します。ファイル本文を消すだけではcommitの作者情報は変わりません。
12u-006	再実行できる説明を作る	READMEに「実行してください」だけでは足りません。再開できるよう最低限どの三つを追記しますか。	作業する場所、入力するコマンド、期待する表示です。環境や必要ファイルも併記すると、同じ手順を実行して照合できます。
12u-007	照合値と秘密を公開時に分ける	結果ファイルのハッシュとAPIキーを報告書へ載せる案があります。どちらを除外しますか。	APIキーを除外します。認証に使える秘密だからです。ハッシュは内容照合に使えますが、それだけでデータの正当性や安全性が証明されるわけではありません。
12u-008	同じseedだけで再現できるか考える	同じseedでも乱数を引く順序を変えました。各実験へ同じ数が割り当たると保証できますか。	保証できません。呼び出し順、生成器、版も結果に関わります。設定だけでなく順序とデータ分割も記録します。
13-algorithms	半分に絞る回数を数える	16件の候補を毎回半分へ絞ると、16→8の後、1件になるまでどう続きますか。	16→8→4→2→1で四回の半分化です。候補を順番に一件ずつ調べる増え方と比べられます。実装の比較回数には終了判定等も入ります。
13u-002	取り出す列と元の表を指定する	items表のname列だけを読むSELECT文を書いてください。	SELECT name FROM itemsです。SELECTの後が取り出す列、FROMの後が表です。行を選ぶ条件は別に指定します。
13u-003	分類別の平均を計算する	店Aの値が2,6、店Bが9です。店ごとのAVGはいくつですか。全店平均とは同じですか。	Aは4、Bは9です。全体は17/3で、店別の結果とは異なります。GROUP BYで何を同じ組にするかを決めます。
13u-004	行を追加した後の件数を数える	空の表に3行を追加し、同じ内容の1行も追加しました。重複を禁じる設定がなければCOUNT(*)はいくつですか。	4です。内容が同じだけでは自動で一件にまとまりません。一意性の制約や重複除去を使うかは別に決めます。
13u-005	接続と処理の実行を分ける	connectを呼んだだけで表へ値が追加されたと思ってよいですか。	よくありません。接続は操作する窓口を作る段階です。追加するSQLをexecute等で実行し、結果を読んで確認します。
13u-006	追加した行と取得した行を照合する	3件をexecutemanyで追加したはずなのにfetchallの結果は2件でした。何を確認しますか。	渡した3件の内容、追加時のエラー、SELECTのWHERE条件を確認します。fetchallを呼んだことだけで全3件の取得を保証できません。
13u-007	開始と終了の差から所要時間を求める	perf_counterの開始値12.4、終了値13.1なら経過時間はいくつですか。13.1秒と報告してよいですか。	差の0.7秒です。終了値自体は開始からの所要時間ではありません。繰り返し測るとばらつきも確認できます。
13u-008	追加前後のnot inを判定する	s={2,4}で4 not in sと3 not in sは何ですか。s.add(3)の後の3 not in sはどうなりますか。	順にFalse、True、追加後はFalseです。not inは「含まれない」を調べます。追加した値を再び新規と数えないために使えます。
14-vectors	成分の順序と単位を保つ	(パンの個数,牛乳の本数)を(3,1)と記録しました。(1,3)に交換しても同じ買い物ですか。	違います。前者はパン3個と牛乳1本、後者はパン1個と牛乳3本です。どの成分が何を表すかを固定します。
14u-002	内積で合計金額を求める	価格(150,80)円と個数(2,5)の内積を求めてください。	150×2+80×5=700円です。対応する価格と個数を掛けて合計します。個数同士や価格同士を掛ける計算ではありません。
14u-003	二乗和から長さを求める	ベクトル(6,8)のユークリッドノルムはいくつですか。	√(6²+8²)=√100=10です。成分をそのまま足した14ではありません。直角な二方向の長さから斜めの長さを求めます。
14u-004	内積が0になる二方向を確かめる	(1,1)と(1,−1)は直交しますか。内積で確かめてください。	1×1+1×(−1)=0なので直交します。どちらも非ゼロなので、平面では直角をなす二方向として描けます。
14u-005	向きの一致と内容の正しさを区別する	非ゼロのベクトルvと2vのコサイン類似度は何ですか。それで文章が事実だと判定できますか。	向きが同じなので1です。しかし表現の向きの近さから事実の正しさは保証できません。根拠や回答の評価を別に行います。
14u-006	zipで失われる末尾を見つける	価格[100,200,300]と個数[2,1]をzipすると何組ですか。全商品の合計を求めてよいですか。	二組です。300の個数が欠けているので、全商品の合計としては不十分です。組にする前に長さが等しいか確認します。
14u-007	短い表記を一件ずつ展開する	[x+1 for x in [2,5]]を、どの二つの足し算で作るか説明し、結果を書いてください。	2+1と5+1を順に行い、[3,6]を作ります。forで取り出した各xに同じ式を適用しています。
15-matrices	行数と列数を数える	[[2,4],[6,8],[10,12]]は何行何列ですか。第2行を書いてください。	3行2列で、第2行は[6,8]です。ここでの日本語の第2行は、Pythonの添字なら1に対応します。
15u-002	行と列の向きを形で区別する	3成分を列ベクトルにした形と行ベクトルにした形を書いてください。	列は(3,1)、行は(1,3)です。どちらも要素数は3ですが、掛け算できる相手の形が異なります。
15u-003	掛け算できる形と一つの値を求める	(2,3)行列と(3,1)行列の積の形は何ですか。左の一行が[1,0,2]、右の列が[3,4,5]なら、その位置の値はいくつですか。	形は(2,1)です。内側の3が一致します。その位置は1×3+0×4+2×5=13です。
15u-004	転置後の行と列を追う	[[1,2,3],[4,5,6]]を転置してください。	[[1,4],[2,5],[3,6]]です。形は(2,3)から(3,2)へ変わり、元の一行[1,2,3]が一列になります。
15u-005	余分な方向を見つける	(2,1)と(6,3)は線形独立ですか。どちらかを他方から作れるかで答えてください。	後者は前者の3倍なので独立ではありません。二本書いてあっても、新しい方向は増えていません。
15u-006	基底で指定のベクトルを作る	(1,0),(0,1)を何倍ずつして足せば(−2,4)になりますか。この二列のランクはいくつですか。	−2倍と4倍です。二方向は独立で平面の全方向を作れるため、ランクは2です。
15u-007	連立方程式の解を元へ戻して確認する	x+y=7、x−y=3を解き、二つの条件へ戻してください。	足すと2x=10でx=5、y=2。5+2=7、5−2=3なので両条件を満たします。
15u-008	ソルバーの解の検算を設計する	np.linalg.solveが[5,2]を返しました。係数行列[[1,1],[1,−1]]を掛けると何になり、何と照合しますか。	[7,3]になります。方程式の右辺と照合します。道具が値を返しただけでなく、元の条件を満たすか確かめます。
16-tensors	shapeから要素数を求める	バッチ3、位置4、各位置の数5ならshapeと総要素数を答えてください。	shapeは(3,4,5)、要素数は3×4×5=60です。軸ごとの意味もこの順序で記録します。
16u-002	broadcastできる末尾軸を確認する	形(2,3)へ形(3,)を足せますか。形(2,)ならどうですか。	(3,)は末尾3が一致するので各行へ足せます。(2,)は末尾3と2が一致せず、どちらも1ではないので、このままでは足せません。
16u-003	reshapeで個数を保つ	arange(8)をreshape(2,4)した各行を書いてください。reshape(3,3)は可能ですか。	[0,1,2,3]と[4,5,6,7]です。3×3は9要素を要するため、8要素をその形へは変えられません。
16u-004	対角成分が変える方向を読む	diag([2,4])を列ベクトル(3,1)へ掛けると何になりますか。	(6,4)です。第1成分を2倍、第2成分を4倍します。単位行列なら両倍率が1で元の値が残ります。
16u-005	固有方向かを倍率で判定する	diag([2,4])で(1,1)は(2,4)になります。(1,1)は固有ベクトルですか。	違います。一つの倍率で(1,1)を(2,4)へ変えられないからです。(1,0)なら2倍の同じ直線上に残ります。
16u-006	対角行列の伸縮率を読む	対角行列diag([5,2])の特異値はいくつですか。両方とも正であるこの例で、二方向をどう変えますか。	特異値は5と2です。対応する直角な方向を5倍と2倍へ伸ばします。一般の行列でも対角成分を読むだけで求まるという規則ではありません。
16u-007	行列の幅を省く指定と近似を区別する	full_matrices=Falseだけを指定したSVDで、小さな特異値は自動で0になりますか。	なりません。分解の行列の幅を必要な大きさにする指定です。低ランク近似には残す特異値を別に選ぶ操作が必要です。
16u-008	捨てた成分から再構成誤差を計算する	diag([5,2])をdiag([5,0])で近似した差のFrobeniusノルムはいくつですか。	差はdiag([0,2])なので√(0²+2²)=2です。行列の誤差が求まっても、用途での予測品質は別に測ります。
17-calculus	区間の平均変化率を求める	x²についてx=1から3までの平均変化率はいくつですか。	(9−1)/(3−1)=4です。出力差8を入力差2で割ります。区間の値であって、全ての点の瞬間の変化率ではありません。
17u-002	極限で近づく値を読む	x²のx=3で、幅hの変化率は6+hです。h=0.1、0.01の値と、hが0へ近づく先を答えてください。	6.1、6.01で、近づく先は6です。元の差をhで割る式にh=0を直接入れて0で割る操作ではありません。
17u-003	導関数と点での値を区別する	x²の導関数は2xです。x=−2の微分係数とx=4の微分係数を答えてください。	−4と8です。2xが入力に応じた変化率の式で、それぞれの入力を入れた数がその点の微分係数です。
17u-004	積の二つの変化を足す	f(x)=x(x+1)を積の微分で微分し、x=2での値を求めてください。	1×(x+1)+x×1=2x+1で、x=2なら5です。一方だけ微分すると、もう一方が変わる寄与を落とします。
17u-005	丸めで差が消える例を説明する	小数一桁へ丸める模型で2.04と2.03を保存して引くと、何になりますか。元の差は何ですか。	保存値は両方2.0で差0になりますが、元の差は0.01です。非常に小さい差を取れば常に精度が上がるとは限りません。
18-chain	固定する変数を指定して偏微分する	L=x²+4yで(x,y)=(3,2)です。x方向とy方向の偏微分を求めてください。	x方向はyを固定して2x=6、y方向はxを固定して4です。勾配は(6,4)で、Lそのものの17とは異なります。
18u-002	二段の変化率を掛ける	x=2、u=3x+1、L=u²です。uとL、dL/dxを順に求めてください。	u=7、L=49です。dL/du=14、du/dx=3を掛けてdL/dx=42になります。
18u-003	勾配を引く一回の更新を計算する	L=(w−4)²でw=1、学習率0.1です。勾配と更新後のwを求めてください。	勾配2(w−4)=−6。wから学習率×勾配を引くので1−0.1×(−6)=1.6です。負の勾配を引くためwは増えます。
18u-004	一次近似と正確な値の差を確認する	x²でx=2から2.01へ動くとき、一次近似の増加と実際の増加を求めてください。	微分係数4なので近似は4×0.01=0.04。実際は2.01²−4=0.0401です。残り0.0001を省いた近似です。
18u-005	ヤコビ行列の一行一列を特定する	f=(x²,xy)の(x,y)=(1,4)でヤコビ行列を書き、第2行第1列の意味を述べてください。	[[2,0],[4,1]]です。第2行第1列の4は第2出力xyを、yを固定してxで微分した値です。
18u-006	順方向と逆方向の積を区別する	J=[[2,0],[4,1]]、v=(1,2)、g=(3,1)です。JvとJᵀgを計算してください。	Jv=(2,6)、Jᵀg=(10,1)です。前者は入力方向から出力の変化へ、後者は出力側の感度から入力側へ移します。
18u-007	biasがある変換の値を求める	重み2、bias−1の層へ入力4を入れると何になりますか。入力0の出力は0ですか。	2×4−1=7です。入力0では−1になるので、原点を保つ線形変換ではなくアフィン変換です。
18u-008	上流の勾配へ局所的な変化率を掛ける	y=wx+bで入力x=3、上流の勾配dL/dy=5です。dL/dwとdL/dbはいくつですか。	それぞれ5×3=15と5×1=5です。重みを動かした寄与は入力倍、biasを動かした寄与は1倍です。
19-integration	幅を掛けた量を足して面積を近似する	幅0.5の区間が二つあり、中央の高さが2と4です。中央の長方形で近似した面積はいくつですか。	0.5×2+0.5×4=3です。高さだけの合計6は面積ではありません。近似を細かくするときも幅を掛けます。
19u-002	定数の違う原始関数を確かめる	t²/2+3とt²/2−5を微分すると何になりますか。どちらがtの原始関数ですか。	どちらもtです。定数の微分が0なので両方が原始関数です。この自由な定数を不定積分では+Cと表します。
19u-003	加算代入の前後を追う	area=2.5の後にarea+=0.75を二回行うといくつですか。	一回目3.25、二回目4.0です。毎回その時点の値へ0.75を足します。最初の2.5へ戻して計算するわけではありません。
19u-004	密度と区間の確率を区別する	0〜4の一様分布の密度は1/4です。1〜3に入る確率を求めてください。	幅2×高さ1/4=1/2です。密度の高さ1/4をそのまま任意の区間の確率にはできません。
20-probability	条件を知った後の集団を数える	100通中迷惑10通のうち「無料」は8通、普通90通のうち「無料」は12通です。「無料」と分かったとき迷惑である割合は何ですか。	8/(8+12)=0.4です。10通中8通という逆向きの条件の0.8とは違います。「無料」の全20通を分母にします。
20u-002	条件付き確率を順番に掛ける	P(a)=0.3、P(b|a)=0.2ならP(a,b)はいくつですか。独立を仮定する必要がありますか。	0.3×0.2=0.06です。条件付き確率を使っているので独立は不要です。P(b|a)を勝手にP(b)へ置き換えません。
20u-003	順序なしの組を列挙する	A,B,Cの3人から2人を選ぶ組を全て書いてください。ABとBAは別ですか。	AB、AC、BCの3組です。順序を問わないのでABとBAを二重には数えません。
21-distributions	実現しないこともある期待値を求める	0点が確率3/4、8点が確率1/4です。期待値はいくつですか。一回でその点が出ますか。	0×3/4+8×1/4=2点です。一回の結果は0か8であり、期待値2が実現するとは限りません。
21u-002	平均からのずれで分散を求める	2と6が半々の分布で、平均、分散、標準偏差を求めてください。	平均4、ずれは−2と2なので分散(4+4)/2=4、標準偏差√4=2です。
21u-003	分母の違いが表す目的を区別する	値1,3で平均との差の二乗和は2です。この二値全体の分散と、独立同分布の標本として母分散を不偏推定する値を求めてください。	全体の記述は2/2=1。不偏推定は2/(2−1)=2です。用途によって分母が違うので、どちらも無条件に正しい分散とは呼びません。
21u-004	成功数の確率を数える	公平なコインを独立に二回投げ、表が一回だけになる確率はいくつですか。	表裏と裏表の二通りで、それぞれ1/4だから合計1/2です。表表と裏裏は数えません。
21u-005	左右対称から区間確率を読む	中心0の正規分布で−2〜−1の確率が0.14と分かっています。1〜2の確率はいくつですか。	左右対称なので0.14です。左右で幅も中心からの距離も対応しています。密度の一点の高さを読んでいるのではありません。
21u-006	以下という条件に合う確率を足す	公平なサイコロの2以下の累積確率と5以下の累積確率を求めてください。	それぞれ2/6=1/3と5/6です。「以下」なので境界の2や5も含めます。
21u-007	相関から因果を断定しない	アイスの売上と熱中症件数が一緒に増えました。相関だけでアイスが熱中症の原因だと言えますか。	言えません。気温等の別の要因が両方を変える可能性があります。一緒に動く尺度と、原因を調べる実験を区別します。
22-statistics	個々の散らばりと平均の揺れを分ける	独立な25件で標本標準偏差10です。平均の標準誤差の推定値はいくつですか。	10/√25=2です。10は個々の値の散らばり、2は標本を取り直した平均の揺れの推定です。
22u-002	正規近似の対象を特定する	公平なコインを100回投げた平均を考えるとき、各一回の0/1の値も正規分布に変わりますか。	変わりません。各値は0か1です。条件のもとで正規分布へ近づく対象は標準化した和や平均の分布です。
22u-003	区間を作る手続きの被覆を数える	真値10に対し、作った区間が[8,11],[9,12],[11,13],[7,10]でした。何本が真値を含みますか。これだけで95%手続きと証明できますか。	3本です。最後は端点10を含みます。四回で3/4という観測だけから、長期の被覆率95%を証明できません。
22u-004	対応を保って引き直す	手法間の差[2,−1,3]を番号[2,0,2]で復元抽出すると、どの並びと平均になりますか。	[3,2,3]で平均8/3です。同じ番号を二度使えます。二手法を別々の番号で引くと元の問題ごとの対応を壊します。
22u-005	乱数の上限を確認する	integers(2,5)が返し得る整数を列挙してください。5は含みますか。	2,3,4です。この指定では上限5は含みません。三件の候補と、値の最大が5であることを混同しません。
22u-006	番号による選択を追う	配列[4,7,9]を番号[1,1,0]で選ぶと何になりますか。その三値の中央値は何ですか。	[7,7,4]です。並べると[4,7,7]なので中央値は7。同じ番号を指定した回数だけ値が現れます。
22u-007	p値の条件の向きを説明する	p値0.03を「帰無仮説が正しい確率3%」と説明した人の、どの向きが違いますか。	p値は帰無仮説や他の仮定を置いたときの、観測以上に極端なデータの確率です。データを見た後の仮説の確率へそのまま読み替えられません。
22u-008	割合の差を二通りに表す	正解率が50%から55%へ上がりました。パーセントポイントの差と、元に対する相対的な増加率を答えてください。	差は5ポイント、相対増加は(55−50)/50=10%です。どちらを報告したか明記し、実用上の意味も検討します。
23-information	予測の確率を自己情報量へ直す	ln(1/4)≈−1.386です。確率1/4の出来事の自己情報量と、exp(−1.386)の近似値を答えてください。	自己情報量は−ln(1/4)≈1.386nat。exp(−1.386)≈0.25で元の確率へ戻ります。expへ入れるのは情報量の負号付きの値です。
23u-002	分布の情報量を平均する	確率(1/4,3/4)で、各自己情報量が約(1.386,0.288)です。エントロピーを求めてください。	(1/4)×1.386+(3/4)×0.288≈0.563natです。二値を単純に半分ずつ平均せず、実際に出る確率で重み付けします。
23u-003	予測と実際の確率を式の別の場所へ入れる	p=(1/4,3/4)、q=(1/2,1/2)です。ln(1/2)≈−0.693を使ってH(p,q)を計算してください。対数を取るのはpとqのどちらですか。	−[(1/4)ln(1/2)+(3/4)ln(1/2)]≈0.693natです。対数を取るのは予測q、平均の重みは実際のpです。
23u-004	交差エントロピーとエントロピーの差を取る	H(p,q)=0.693、H(p)=0.563ならKL(p‖q)はいくつですか。pが正の場所でq=0なら有限ですか。	差は約0.130です。p>0の場所でq=0なら負の対数が発散し、KLは無限大になります。向きを逆にしたKLが同じとは限りません。
23u-005	平均損失からPerplexityを求める	二つの正解への確率が両方1/2なら、平均NLLとPerplexityはいくつですか。	平均NLLはln2≈0.693、Perplexityはexp(ln2)=2です。損失の和2ln2を指数へ入れると4となり、平均を使う定義と違います。
23u-006	対数尤度の和と平均を区別する	二つの正解への条件付き確率が1/2と1/4です。NLLの和をln2を使って表し、平均も答えてください。	−ln(1/2)−ln(1/4)=3ln2、平均は1.5ln2です。和か平均かと評価した単位の数を一緒に記録します。
24-learning	未使用の例で性能を調べる	学習に使った10問を全部正解したので「新しい問題にも100%正解する」と言えますか。	言えません。調整に使っていない例を用意して評価します。既に見た答えへの一致と未知の例への性能は分けます。
24u-002	特徴量に正解が混じる問題を見つける	家の広さから価格を予測する際、入力に「実際の販売価格」を追加すると何が問題ですか。	予測したい正解そのものが入力に入ります。未知の家で価格が分からない状況の性能を測れず、評価が不当に良くなります。
24u-003	学習で変える数を特定する	予測wx+bで、w=2から3へ更新しました。入力x=4、b=1の予測はどう変わりますか。	9から13へ変わります。学習でパラメータwを変えることが、同じ入力への予測を変えると分かります。
24u-004	多数派の基準とモデルを比較する	100件中90件が分類0です。常に0と答える基準と、正解率88%のモデルを正解率だけで比べるとどちらが高いですか。	基準は90%なので基準の方が高いです。少数派を拾う目的なら、recall等の別の指標も確認します。
24u-005	検証の悪化から更新を選ぶ	更新1で訓練損失3・検証4、更新2で訓練2・検証5でした。検証損失を基準にするならどちらを選びますか。	更新1です。訓練損失だけは下がっても検証は悪化しています。testの結果を見て停止位置を選ぶことは避けます。
24u-006	precisionとrecallの分母を選ぶ	正しく陽性6、誤って陽性2、陽性の見逃し4です。precisionとrecallを求めてください。	precision=6/(6+2)=0.75、recall=6/(6+4)=0.6です。答えた陽性と、本当の陽性という別の分母です。
24u-007	F1を普通の平均と比べる	P=1、R=1/3のF1を求めてください。普通の平均2/3と一致しますか。	2PR/(P+R)=(2/3)/(4/3)=1/2です。2/3とは一致せず、小さい側の値の影響が強く出ます。
24u-008	正解率と確率の校正を分ける	確率0.9と答えた100件のうち60件が正解でした。この集団の確率はよく校正されていますか。	90件程度を期待するのに60件なので、この集団では過信しています。分類の正誤だけでは確率の適切さを測れません。
24u-009	変更条件と測定値を別欄にする	学習率を0.01と0.1で比べ、検証損失を測ります。独立変数と従属変数は何ですか。	独立変数は学習率、従属変数は検証損失です。データや更新回数も同時に変えると、学習率だけの影響を分けにくくなります。
25-regression	予測する対象から回帰方式を選ぶ	明日の気温という数と、メールが迷惑かという二択を予測します。線形回帰とロジスティック回帰はそれぞれどちらの基本例ですか。	気温には線形回帰、二択の確率にはロジスティック回帰が基本例です。ロジスティック回帰は名前に回帰があっても分類に使います。
25u-002	logitを確率へ変換する	z=ln3でexp(−z)=1/3です。シグモイド1/(1+exp(−z))はいくつですか。	1/(1+1/3)=3/4です。点数ln3を確率0.75へ変換しています。
25u-003	正解側の確率から二値損失を求める	正解y=0、予測の陽性確率p=0.8です。損失に使う正解側の確率とlogitへの微分p−yを答えてください。	正解0の確率は1−0.8=0.2なので損失は−ln0.2。微分は0.8です。負の勾配へ更新すると陽性の点数を下げます。
25u-004	複数の予測の多数決を取る	5本の木が[0,1,1,0,1]と答えました。多数決の答えと、これだけで精度向上を保証できない理由を述べてください。	答えは1です。ただし複数の木が同じ誤りをすれば多数決も誤るので、未使用のデータで基準と比べます。
25u-005	点を近い中心へ割り当てる	中心1と9がある一次元のk-meansで、点3をどちらへ割り当てますか。	距離は2と6なので中心1です。割当後に、その組の点の平均へ中心を更新する段階が続きます。
25u-006	中心化した点を求める	点(2,1),(4,1)を中心化してください。散らばっているのはどちらの方向ですか。	平均(3,1)を引いて(−1,0),(1,0)です。横方向にだけ散らばっています。この例ではPCAの第一方向は横です。
26-pytorch	用途に合う数の型を選ぶ	微分して更新する重み2.0と、単語ID2に、同じ整数型を使ってよいですか。	重みは浮動小数点型、IDは整数型にします。通常の整数テンソルで重みの勾配を追跡する設計にはしません。
26u-002	自動微分の期待値を手で求める	L=(w−5)²、w=3です。requires_gradを指定して求める勾配の期待値はいくつですか。	2(w−5)=−4です。自動微分の出力をこの値と照合します。小さな差分を取る数値微分とは計算法が異なります。
26u-003	勾配の蓄積を予測する	同じ重みで別々に作った損失から勾配3、4を順にbackwardし、間でgradを消しませんでした。合計はいくつですか。	7です。gradは蓄積されるため、二回目の4だけにはなりません。独立した更新なら消す位置を確認します。
26u-004	追跡しない範囲と空の勾配を分ける	no_gradの中で更新することと、grad=Noneにすることは同じ処理ですか。	違います。前者はその範囲の新しい微分追跡を止め、後者は既存の勾配を空にします。0という計算済みの勾配とも区別します。
26u-005	更新の順番を並べる	step、zero_grad、損失計算、backwardを一回の通常の更新の順に並べてください。	zero_grad→損失計算→backward→stepです。新しい勾配を計算する前に前回分を消し、その勾配で更新します。
26u-006	評価モードと微分追跡を区別する	model.eval()だけで計算しました。勾配追跡も必ず止まっていますか。	止まるとは限りません。evalはDropout等の動作切替です。評価で追跡不要ならno_grad等を別に指定します。
27-networks	ReLUを成分ごとに適用する	ReLUへ[−3,0,2]を入れた結果を書いてください。	[0,0,2]です。負の値を0にし、正の値は残します。この折れ曲がりによって線形変換だけとは異なる表現を作れます。
27u-002	線形層の重みとbiasを数える	入力4、出力2、biasありのnn.Linearのパラメータ数はいくつですか。	重み4×2=8とbias2で計10個です。Sequentialに並べた複数層では各層を数えて足します。
27u-003	要素数を数え実験のばらつきを残す	形(3,4)の重みのnumelはいくつですか。三つのseedのうち最高点だけ報告すると何が失われますか。	12個です。最高だけでは初期値によるばらつきと典型的な性能が分からないので、三回全てを残します。
27u-004	残差の足し算を追う	入力ベクトル(2,−1)と部品の出力(3,4)を残差接続で足すと何ですか。	(5,3)です。同じ位置の成分を足すため形を合わせます。Dropoutの学習時のくじと、この足し算は別の仕組みです。
27u-005	平均を引く処理の有無を比べる	[3,3]から平均を引くと何ですか。二乗平均の平方根だけで割ると何ですか。小さい安定化定数はここでは省きます。	前者は[0,0]、後者は[1,1]です。中心を0へ移す操作の有無がLayerNormとRMSNormの違いの一つです。
27u-006	SiLUの符号を確かめる	シグモイド(−1)≈0.269です。SiLU(−1)を求め、ReLU(−1)と比べてください。	−1×0.269≈−0.269です。ReLUなら0なので、負の入力への応答は同じではありません。
27u-007	XORの答えと損失への入力を選ぶ	XORで(1,0)と(1,1)の正解を答えてください。binary_cross_entropy_with_logitsへは確率とlogitのどちらを渡しますか。	正解は1と0です。渡すのはlogitです。先にシグモイドで確率へ直すと、道具が想定する入力と違います。
28-numerics	softmaxの比を計算する	点数(ln3,0)のsoftmaxを求めてください。両点数へ100を足しても数学上の結果は変わりますか。	指数は(3,1)なので(3/4,1/4)です。同じ定数の追加は比で打ち消されるため変わりません。実装では大きな指数を避けます。
28u-002	重み付きの移動平均を計算する	古い値へ0.8、新しい値へ0.2を掛けます。古い値5、新しい値10なら次はいくつですか。	0.8×5+0.2×10=6です。普通の二値の平均7.5とは異なり、過去を強く残します。
28u-003	一次と二次の記録を分ける	勾配が−3のとき、一次モーメントへ入れる値と二次モーメントへ入れる勾配の二乗はいくつですか。	−3と9です。符号を持つ方向の情報と、二乗による大きさの情報を別々に記録します。Adamの全更新には重み付けや補正も必要です。
28u-004	勾配の長さを上限へ縮める	勾配(3,4)のノルムは5です。ノルムの上限を1として全体を同じ倍率で縮めると何になりますか。	(0.6,0.8)です。全体を1/5倍します。各成分を個別に1へ切る(1,1)とは違います。
28u-005	保存bit数から重みの容量を見積もる	1000個の重みを32bitと16bitで保存すると、値だけの容量は各何byteですか。	32bitは4byteなので4000byte、16bitは2byteなので2000byteです。勾配や更新状態や実装の管理分は別です。
28u-006	有限でない値を実験失敗として記録する	損失がNaNになった実行を、最後に残っている良い値で置き換えて報告してよいですか。	いけません。失敗を記録し、入力や演算の範囲、学習率、数の精度を調べます。mixed precisionを使えば必ず解消するとは限りません。
28u-007	maskとclipの役割を区別する	値[−1,0.5,2]を0〜1へclipすると何ですか。未来の単語を見せないmaskと同じ目的ですか。	[0,0.5,1]です。clipは数の範囲を制限し、maskは対象の位置を選別します。未来情報の禁止は値の範囲制限だけではできません。
29-tokenization	決めた併合規則を適用する	並びa b c a bで、隣接するa bをabへ併合するとどうなりますか。	ab c abです。どの組を併合するかという規則を適用した結果で、必ず辞書の単語になるとは限りません。
29u-002	IDに対応する表の行を引く	Embedding表が[[2,0],[0,3],[1,1]]です。ID列[2,0]で取り出す二行を書いてください。	[[1,1],[2,0]]です。IDは0始まりの行番号で、ID2を数値2倍する操作ではありません。
29u-003	文字数とトークン数を別々に数える	あるencodeが「猫」をID二つへ変換しました。文字が一つだから誤りだと断定できますか。	できません。文字とトークンの単位は異なり得ます。decodeで元の文字列へ戻るかなど、方式の仕様に沿って確かめます。
29u-004	終端と埋め草を区別する	長さ3と5の列を5枠へそろえます。短い列へPADはいくつ必要ですか。PADをEOSへ置換してよいですか。	2個です。PADは枠を埋め、EOSは終わりを表すので、規約なしに交換できません。損失でPADを数えるかも明示します。
29u-005	コピー課題で予測する記号を選ぶ	[BOS,B,x,y,separator,B,EOS]でx,yがnoiseなら、separatorの次に何を答える課題ですか。	最初の記号Bです。直前のnoiseのyをコピーする課題ではありません。学習用の正解列でもその位置がBか確認します。
30-language-model	直前の記号別に次を数える	列a b a b a cで、aの次のbとcの回数と確率を求めてください。	bは2回、cは1回で、確率は2/3と1/3です。最後までの隣接組を数え、a自体の頻度と混同しません。
30u-002	平滑化後の分母を更新する	三候補の回数が[2,1,0]です。各候補に1を足した確率を求めてください。	回数[3,2,1]、合計6なので[1/2,1/3,1/6]です。元の合計3を分母にすると確率の和が1になりません。
30u-003	学習入力へ未来の正解を混ぜない	a,b,cから次の記号cを予測する位置で、Attentionに見せてよいのはどこまでですか。	a,bまでです。teacher forcingで前の正解を入力に使っても、予測対象cをその位置から先に見ることは許しません。
31-attention	QueryとKeyの一致を内積で測る	Query=(0,2)、Key₁=(1,0)、Key₂=(0,1)の点数を求めてください。そのまま確率ですか。	内積は0と2です。合計が1でもなく確率ではありません。softmax等で参照の重みへ変える段階があります。
31u-002	Valueの重み付き和を計算する	重み(1/4,3/4)、Value₁=(4,0)、Value₂=(0,8)なら出力は何ですか。	(1,6)です。各Valueを重み倍して足します。Keyの点数や重みだけを出力と取り違えません。
31u-003	未来を隠す位置を指定する	0始まりの四位置で、位置1から見て禁止する未来の位置はどこですか。位置1自身は禁止しますか。	位置2,3を禁止し、通常のcausal maskでは位置1自身は残します。上三角のどこから隠すかを確認します。
31u-004	確率を作る軸を選ぶ	点数が形(2,4)で各行が別の問い、各列が候補です。softmaxの和を1にするのはどの軸ですか。	最後の候補軸で、各行の4値の和を1にします。二つの問いの全8値を一つの分布へ混ぜません。
32-transformer	ヘッドへの分割幅を計算する	幅12を3ヘッドへ等分すると一つの幅はいくつですか。5ヘッドへ同じ方式で等分できますか。	幅4です。12は5で割り切れないので、そのまま等幅の5ヘッドにはできません。形の条件を設定時に確認します。
32u-002	内容が同じでも順序が違う入力を区別する	単語の集合が同じA BとB Aを区別するため、内容のEmbedding以外にどんな情報を加えますか。	位置の情報です。位置Embeddingなら位置0、1に対応する表を使います。集合に同じ単語があるだけでは順序は表せません。
32u-003	位置情報を入れる二方式を区別する	位置Embeddingを加えることとRoPEを使うことは、同じ表を足す操作ですか。	違います。前者は位置の表を加え、RoPEは位置に応じQueryやKeyの成分を回転させます。回転の計算は第46章で扱います。
32u-004	前後を読む課題と次を予測する課題を分ける	「昨日[MASK]を読んだ」の穴埋めで「読んだ」を見る方式と、左から次を予測する方式の制約は同じですか。	違います。双方向の穴埋めでは後ろも利用できます。左からの次単位予測では未来の正解を隠します。
32u-005	準備と入力の処理を書く場所を分ける	モデルの部品を作る処理と、入力xを2倍する処理は、__init__とforwardのどちらへ置くのが基本ですか。	準備は__init__、入力を受けた計算はforwardです。superで親の準備を呼ぶことも、毎回の入力計算とは別です。
32u-006	分割後の幅と登録の役割を読む	幅12をchunkで三つへ分けると各幅はいくつですか。ModuleListは数の表を分ける操作ですか。	各幅4です。ModuleListはモデル部品を登録する並びで、テンソルを分割するchunkとは役割が異なります。
32u-007	未指定の軸長を要素数から求める	18要素をreshape(−1,3)すると何行ですか。reshape(−1,4)ならどうですか。	6行です。18は4で割り切れないため後者は作れません。−1は余りを捨てる指定ではありません。
32u-008	最大値の位置と値そのものを区別する	点数[7,2,9]のargmaxと最大値は何ですか。その予測IDと正解ID1をeqで比べる結果は何ですか。	argmaxは位置2、最大値は9です。ID2と1は違うのでFalse。値9をIDとして扱いません。
32u-009	型注釈だけでは入力を検査できないと分かる	seed: intという注釈を書けば、実行時に必ず全ての文字列入力が自動で拒否されますか。	保証されません。注釈は型の情報です。必要なら入力の変換や検査を実装し、保存した設定を読み戻して照合します。
33-training	設定と測定結果を別々に保存する	steps=100とloss=0.4をconfigとmetricsへ分けてください。	更新回数steps=100はconfig、測ったloss=0.4はmetricsです。損失を見て更新回数を変えたら、その試行も別の設定として残します。
33u-002	学習再開に必要な保存物を挙げる	重みだけを保存し、optimizerの状態と乱数状態を捨てました。学習を完全に同じ続きから再開できると保証できますか。	できません。更新の履歴、乱数、進行位置等も必要です。予測だけの再利用と、学習途中からの再開を分けます。
33u-003	読込エラーの保存先を調べる	自分で保存したはずのcheckpointを読むとFileNotFoundErrorです。最初に何を照合しますか。	保存が成功したか、ファイル名、保存先と読込先、作業フォルダを確認します。モデルの形を直す前に、指定先にファイルがあるかを調べます。
33u-004	コマンド引数が実験に届いたか確認する	--steps 20を渡したのに設定表示が100でした。学習結果を20更新の結果として報告してよいですか。	いけません。引数を読む処理と設定への受渡しを確認します。実際に使った値100と、意図した20を区別します。
33u-005	辞書の更新後の内容を読む	{"status":"running","seed":2}へ{"status":"ok"}をupdateすると何が残りますか。	statusはokに変わり、seedは2のまま残ります。辞書全体を新しい一項目だけへ置き換える操作とは違います。
33u-006	CSVの見出しと結果の行数を照合する	3実行を一行ずつ保存し、見出しも一行書きました。ファイルは何行で、実行数は何件ですか。	4行、実行数3件です。見出しを実験の一件へ数えません。各結果のseedとscoreが同じ行に対応するか確認します。
33u-007	シャッフルで保たれるものを確認する	[1,2,2,3]をshuffleしました。必ず保つべき個数と値の回数は何ですか。	総数4、1が1個、2が2個、3が1個です。順番を変える操作で、重複を除く操作ではありません。
33u-008	連結と繰り返し終了を区別する	[2,4]と[6,8]を一次元でcatした結果を書いてください。breakが実行されると何が終わりますか。	[2,4,6,8]です。breakはその繰り返しを終えます。プログラムの全処理を必ず終了する意味ではありません。
33u-009	直接実行とimportの副作用を分ける	補助関数をimportしただけで長い学習が始まりました。開始処理にどの判定を置く方法がありますか。	if __name__ == "__main__": の下へ開始処理を置きます。直接実行した場合だけ学習を始め、importでは関数定義を利用できるようにします。
33u-010	観測の終了後に登録を外す	出力を記録するhookを毎回追加して外しませんでした。同じ出力の記録が増える原因候補は何ですか。	古いhookも残って複数回記録している可能性があります。登録したhandleを残し、観測後に外します。出力の変化と観測コードの影響を分けます。
33u-011	失敗時にも片付ける場所を選ぶ	観測中に例外が起きてもhookを外したいとき、成功した場合だけ通る行とfinallyのどちらへ置きますか。	finallyへ置きます。成功・失敗の両方で片付けるためです。失敗そのものも記録し、黙って成功扱いにはしません。
33u-012	複数要素の追加と実験名を作る	ids=[1]へextend([2,3])した結果と、seed=4でf"run-{seed}"が作る名前を答えてください。	[1,2,3]とrun-4です。appendでリスト一つを追加する場合とは形が違います。名前の重複も確認します。
34-generation	最大選択と確率的選択を区別する	確率[0.8,0.2]で、greedyはどちらを選びますか。samplingで二番目が出たら故障ですか。	greedyは一番目。samplingでは二番目も20%の確率で選び得るので、それだけで故障ではありません。
34u-002	top-pで残す候補を選び直す	確率[0.5,0.3,0.2]でtop-p=0.7ならどこまで残し、確率をどう直しますか。	最初の二候補で合計0.8へ達するので残し、[0.5/0.8,0.3/0.8]=[0.625,0.375]へ直します。
34u-003	キャッシュの再利用条件を考える	過去の入力を別の文章へ変えても、元のKV cacheをそのまま使ってよいですか。	そのまま使えません。過去のKeyとValueは入力や位置、モデルの状態に対応します。共通部分等の再利用条件を満たすか確認します。
34u-004	一回の抽選結果から確率を断定しない	torch.multinomialで確率[0.9,0.1]から一回引き、二番目が出ました。確率設定が逆だと結論できますか。	できません。低確率でも起こります。seedと設定を確認し、多数回の頻度や境界条件で動作を検査します。
35-data-scaling	詰めた文書の境界を守る	二つの無関係な文書を一列へpackingしました。後の文書が前の文書を見てよいかを何で決めますか。	課題の規約で決め、独立に扱うなら文書境界をまたがないmaskを使います。単に連結しただけでは独立性を保ちません。
35u-002	計算資源と比較条件をそろえる	モデルを大きくした実験だけ計算量も十倍にしました。性能差を構造だけの効果と呼べますか。	呼べません。計算量、データ量、更新条件も異なります。scalingの関係を調べるなら変えた量と固定した量を明記します。
36-adaptation	損失を数える発話の位置を選ぶ	質問と回答をつないだSFTで、回答だけを教師にしたい場合、質問の位置のloss maskはどうしますか。	質問側を損失の集計から除き、回答側を数えます。入力として質問を読ませることと、質問の生成へ損失を付けることは別です。
36u-002	LoRAの追加パラメータ数を求める	4×4の更新を4×1と1×4の二行列で表すと、追加する数はいくつですか。元の16個との違いを答えてください。	4+4=8個です。小さいランクの積で更新を表す制約が入り、任意の4×4更新を常に表せるわけではありません。
36u-003	量子化と追加学習を分ける	QLoRAを「全ての重みを同じ低精度で直接更新する方法」と説明してよいですか。	不正確です。量子化した基盤の重みを扱いながら、低ランクの追加部品を学習する考え方です。保存型と計算型も区別します。
37-rag	検索失敗と回答失敗を分ける	必要な根拠が検索候補に一件も入りませんでした。回答モデルだけ変えれば、その根拠に基づく回答を評価できますか。	できません。まず検索側の取りこぼしを確認します。正しい根拠を渡す対照と比較すると、回答側の失敗も分けて調べられます。
37u-002	根拠の取得率を求める	各問に必要な根拠が一つある20問中、上位5件に根拠が入ったのは15問でした。この問単位のrecall@5はいくつですか。	15/20=0.75です。正解率75%という意味ではなく、根拠が入った問の割合です。回答の正誤は別に測ります。
38-reinforcement	状況と行動と報酬を分ける	ゲームで「残り一手」「右へ動く」「得点5」がありました。state、action、rewardへ対応させてください。	残り一手等の状況がstate、右へ動くがaction、得点5がrewardです。行動前の状況と行動後の結果を分けます。
38u-002	方策の確率で収益を平均する	行動Aの報酬4、Bの報酬0で、選択確率が0.25と0.75です。期待収益はいくつですか。	4×0.25+0×0.75=1です。報酬の単純平均2ではなく、選ぶ確率で重み付けします。
38u-003	将来の報酬へ割引を掛ける	今の報酬1、次の報酬6、割引率0.5なら、二段の割引収益はいくつですか。	1+0.5×6=4です。割引率0なら今の1だけになり、未来への重みが変わります。
38u-004	基準からの差で行動の評価を読む	基準報酬3に対し、二応答の報酬は5と1です。advantageを求めてください。	2と−2です。前者は基準より良く、後者は悪いという相対評価です。報酬が正というだけで両方同じ向きに評価しません。
38u-005	得点の抜け道を見つける	長い回答ほど報酬を増やしたら、同じ文の反復が増えました。何を別に評価する必要がありますか。	内容の正しさ、有用性、反復の有無を独立に評価します。報酬だけの上昇は本来の目的の改善とは限らず、reward hackingの候補です。
39-alignment	報酬モデルの点と人の評価を分ける	報酬モデルの点が上がっただけで、人が必ず回答を好むようになったと言えますか。	言えません。未知の例での人の評価や別の評価が必要です。学習した採点器の弱点へ適応した可能性も調べます。
39u-002	旧方策と参照方策の役割を分ける	応答を生成した直前の方策と、離れ具合を測る固定モデルは必ず同じですか。	必ずしも同じではありません。前者が旧方策、後者が参照方策です。更新に伴い何を固定し何を入れ替えるか記録します。
39u-003	PPOの切り詰めた目的を計算する	比1.5、advantage2、clip上限1.2です。min(比×2,clipした比×2)はいくつですか。	min(3,2.4)=2.4です。目的の伸びを抑えますが、この式だけで更新後の確率比が必ず1.2以下になる保証ではありません。
39u-004	DPOで使う好みの対を確認する	同じ質問への良い回答と悪い回答のラベルを逆にしたら、DPOはそれを自動で正しますか。	保証されません。逆の好みを学ぶ方向へ働き得ます。対の品質とラベルを点検し、学習後の独立評価を行います。
39u-005	グループ平均との差を計算する	報酬[0,0,3]からグループ平均を引くと何ですか。これは標準偏差で割る処理まで含みますか。	平均1なので[−1,−1,2]です。これは中心化だけです。実際の方式で標準偏差による正規化も使うなら、別に計算します。
39u-006	学習例を作る時点から方式を分ける	固定済みの回答対で更新する処理と、現在のモデルから新たな回答を作る処理のどちらがオンラインの例ですか。	後者です。前者はオフラインの例です。ネット接続の有無という意味で使っているのではありません。
40-reasoning	一回答の正解率と複数試行の成功を分ける	四問を各二回試し、正誤が[正,誤],[誤,正],[誤,誤],[正,正]でした。少なくとも一回正解した問の割合はいくつですか。	3/4です。全8回答中の正解4/8とは違います。試行回数と問単位の評価を明記します。
40u-002	合成例の複製を独立の証拠にしない	教師モデルの一つの回答を100回コピーしました。100件の独立に検証した知識として数えてよいですか。	よくありません。同じ誤りも複製します。検証器や根拠で正誤を確かめ、重複と独立な例を分けます。
41-efficiency	転送側の性能上限を計算する	演算強度2演算/byte、帯域10byte/秒、計算上限100演算/秒の模型です。Rooflineの上限はいくつですか。	転送側は2×10=20演算/秒で、min(20,100)=20です。実際の速度はこの理想上限以下で、実測が必要です。
41u-002	計算の分割と近似を区別する	4×4のAttention表を2×2のタイルへ分けると何枚ですか。分けただけで近似になりますか。	4枚です。全てを正しく集計すれば同じ数式を計算できます。標準のFlashAttentionは保存と計算順を工夫する方法で、タイル化だけで近似とは呼びません。
41u-003	分子と分母を同じ倍率で変える	重みの指数が2,3、Valueが1,4なら出力はいくつですか。指数の尺度を半分にしても確かめてください。	(2×1+3×4)/(2+3)=14/5=2.8。半分なら7/2.5=2.8です。分母だけを半分にすると誤ります。
41u-004	最後のブロックの範囲外を数える	600要素を256ずつ処理します。必要ブロック数と最後の有効要素数はいくつですか。	3ブロックで最後は600−512=88個です。残る168枠へ読み書きしないmaskが必要です。
42-distributed	同数データの勾配を平均する	二つのrankが同じ数の例から勾配4と8を得ました。平均して更新に使う値は何ですか。	6です。合計12と平均6を区別します。例数が異なる場合には、同じ単純平均でよいかを再確認します。
42u-002	集約と収集の出力を区別する	各rankが2と5を持っています。合計all-reduceとall-gatherで、各rankが受け取るものを書いてください。	合計all-reduceなら7、all-gatherなら[2,5]です。world sizeは2ですが、合計を自動で平均と読み替えません。
42u-003	分割しても通信が残る理由を考える	モデルの状態を二装置へ分割して保存すれば、計算時の通信は必ず0になりますか。	なりません。計算に必要な重みや勾配の集約・取得が必要になる場合があります。保存容量の削減と通信量を別に測ります。
42u-004	何を分けた並列化か判定する	六層の前半三層を装置A、後半三層を装置Bへ置きました。どの並列化の例ですか。	Pipeline Parallelです。層のまとまりを分けています。同じ層の行列演算を分けるTensor Parallelとは区別します。
42u-005	動く部品と保存する部品を数える	8expertのうち各入力で2個を使います。動く割合と、保存の対象となるexpert数を答えてください。	動く割合は2/8=1/4、保存の対象は原則8個です。動かない6個が不要になるわけではありません。
42u-006	再計算と通信の実験を区別する	一つのCPUでautograd.gradを使い二つの勾配を平均しました。これをDDPの通信性能の実測と言えますか。	言えません。勾配集約の算数は確かめられても、複数の実行間の通信を測っていません。Gradient checkpointingの再計算コストとも別です。
42u-007	microbatch数と待ち時間を考える	12例を3例ずつに分けるとmicrobatchは何個ですか。最初から全ての後段装置が働けますか。	4個です。最初のデータが前段を通って届くまで後段は待つため、開始時等にpipeline bubbleが生じます。
43-serving	初回と後続の待ち時間を分ける	最初のトークンまで0.8秒、その後の間隔が0.2秒でした。TTFTとITLへどちらを記録しますか。	TTFTに0.8秒、ITLに0.2秒です。生成全体の時間一つだけでは両方を表せません。
43u-002	処理量を秒あたりへ直す	4秒で合計24トークン出しました。throughputはいくつですか。各利用者の待ち時間も分かりますか。	6トークン/秒です。この合計だけから個々の待ち時間は分かりません。要求別の時間も記録します。
43u-003	平均が隠す長い待ち時間を見つける	待ち時間が[1,1,1,1,6]秒でした。平均と最長値を求め、平均だけでは何を見落とすか述べてください。	平均2秒、最長6秒です。一部の利用者の長い待ちを隠すため、分位点や分布、件数も示します。
43u-004	提案した候補数と採用数を分ける	draftが5候補を提案し、targetの検査で先頭2個だけ採用されました。5個生成を省けたと数えてよいですか。	よくありません。採用2個と提案・検査の費用、不採用後の処理を含めて測ります。候補数だけで速度向上は決まりません。
44-compression	量子化して戻した誤差を計算する	scale=0.2、zero point=0で0.53を最も近い整数へ量子化し、元の尺度へ戻してください。	0.53/0.2=2.65を3へ丸め、3×0.2=0.6。絶対誤差は0.07です。保存範囲に収まることも確認します。
44u-002	尺度を増やす費用も数える	一つのscaleを使う方式から100群ごとに一つ使う方式へ変えると、scaleの保存個数はどうなりますか。	1個から100個になります。値の区別が改善し得ても、尺度を保存する追加容量も含めて比較します。
44u-003	量子化を意識した学習の有無を区別する	学習済み重みを後から量子化する処理と、量子化の影響を入れて追加学習する処理をPTQとQATへ対応させてください。	前者がPTQ、後者がQATです。同じbit数でも調整のデータや計算費用が違うため、条件も報告します。
44u-004	重み誤差の出力への影響を計算する	重みの誤差0.05が一つの積へ入ります。入力が2と20なら出力誤差はそれぞれ何ですか。	0.1と1です。同じ重みの誤差でも入力によって影響が違うため、出力や活性化の条件を見る必要があります。
44u-005	ゼロの割合だけで速度を断定しない	重みの75%を0にしたが、同じdenseの積を実行しています。四倍高速になったと言えますか。	言えません。0も含め同じ演算をしている可能性があります。疎性を利用する実装と実時間を確認します。
44u-006	丸め規約の境界を確認する	NumPyの偶数側への丸めで2.5と3.5はそれぞれ何になりますか。	2と4です。両方とも常に上の整数へ丸める規則ではありません。ちょうど中間の値で違いを検査します。
44u-007	表の保存と計算の省略を分ける	[0,0,5,0]を通常のdense配列で保存しています。非ゼロ一個分だけの保存容量だと考えてよいですか。	よくありません。通常は四位置分を保存します。非ゼロだけを保存する方式には位置情報等も必要です。
45-moe	選んだexpertの出力を混ぜる	二expertの出力2と10へ、routerが0.75と0.25を付けました。混ぜた出力はいくつですか。	0.75×2+0.25×10=4です。二つを単純平均した6ではなく、routerの重みを使います。
45u-002	偏った割当から負荷を読む	四expertへの割当件数が[90,5,3,2]です。総件数と最も混むexpertを答え、平均だけで十分か考えてください。	総数100で最初のexpertが90件です。平均25件だけでは混雑を隠すので、各expertの負荷や待ち時間を確認します。
45u-003	全expertを使う計算と選択計算を区別する	四部品を毎入力で全て計算してから二つを選びました。計算を二部品分だけに省いたと言えますか。	言えません。既に四部品を計算しています。選択の時点と実際に実行した部品を確認します。
46-context	ラジアンと度数を対応させる	半周はπラジアンです。四分の一周は何ラジアンで、その角度のsinとcosはいくつですか。	π/2ラジアンで、sin=1、cos=0です。Pythonの三角関数へ90を入れると90度の意味にはなりません。
46u-002	相対的な位置差を保つ移動を読む	二位置が3と8、別の二位置が10と15です。位置差はいくつで、RoPEの相対位置の考えでは何が共通ですか。	両方差5です。同じ回転周波数を使う対応する組では、相対回転が位置差で決まる点が共通です。内容のベクトルまで同じとは限りません。
46u-003	長文検索の一問を全能力へ一般化しない	長い文から埋めた一文を拾えました。長文の全ての推論課題も解けると結論できますか。	できません。needleの検索成功と複数箇所を結ぶ推論は違います。位置、長さ、課題の種類を変えて評価します。
47-alternatives	再帰状態を一段ずつ更新する	状態hをh←0.5h+xで更新します。初期h=0、入力が2、4の順なら各段の状態はいくつですか。	一段目2、二段目0.5×2+4=5です。過去は状態を通じて次へ影響します。この模型だけで全てのSSMの性能は分かりません。
47u-002	異なる方式を比べる条件を固定する	Attention方式とSSM方式で、データもパラメータ数も別にしました。精度差を方式だけの差と断定できますか。	できません。少なくともデータや評価条件を合わせ、容量や計算費用も報告します。hybridでは混ぜた部品の比較も必要です。
48-multimodal	画像の分割数と一片の数を求める	12×12画像を6×6のpatchへ分け、色3チャネルなら何片で一片は何個の数ですか。	四片で、一片は6×6×3=108個です。片の個数と一片の幅を分けます。
48u-002	画像と文の一致が保証しないものを挙げる	猫画像と「猫」の文の対応得点が高ければ、画像内の猫の頭数も必ず正しく答えられますか。	保証できません。画像と文の対応と細かな数の認識は別の評価が必要です。
48u-003	音のサンプル数を計算する	monoの8kHz音声を2秒保存します。値は何個ですか。一値2byteなら容量はいくつですか。	8000×2=16000個、値だけで32000byteです。ヘッダー等の分は別に数えます。
48u-004	動画の枚数と音の系列数を分ける	24fpsの動画3秒は何枚ですか。stereo音声の系列数はいくつですか。	72枚と2系列です。fpsは画像の時間方向の個数で、音の左右の系列数とは違います。
49-agents	道具の引数を実行前に検査する	足し算toolへ{a:"two",b:3}が来ました。仕様が両方数なら、そのまま実行してよいですか。	よくありません。型が仕様と違うので訂正を求める等の処理へ進みます。モデルが出した引数でも検査を省けません。
49u-002	全条件と否定の結果を読む	all([True,True,False])と、その結果へnotを付けた値を答えてください。	前者はFalse、後者はTrueです。一つでもFalseならallはFalseになります。
49u-003	再試行で重複実行を防ぐ	同じ注文IDが通信の再試行で二回来ました。二度請求しないために何を記録して確認しますか。	処理済みの注文IDと結果を記録し、同じIDなら既存の結果を返す等にします。sandboxで権限を分けるだけでは重複請求を防げません。
50-evaluation	テストを使った設定選びを見抜く	最終テストを何度も見て良い設定を選びました。最後の点を未知への独立評価として扱ってよいですか。	よくありません。テストが選択に使われています。設定選び用のデータと、固定後に一度評価するデータを分けます。
50u-002	提示順序による採点の変化を調べる	回答Aを先に置くとA勝ち、順を交換するとB勝ちでした。内容だけを採点していると判断できますか。	できません。提示順序の影響が疑われます。順序を交換した評価、明示したrubric、人による点検等で調べます。
50u-003	意味を保つ変更で頑健性を調べる	同じ質問に空白を一つ足しただけで正解から誤答へ変わりました。何を一組として保存しますか。	元の入力と変更後の入力、両回答、採点、固定した条件を保存します。意味を変えていないかも確認して、失敗の再現例にします。
50u-004	二条件を同時に変えた交絡を見つける	距離8から10へ伸ばす際、モデル幅も16から32へ変えました。どの対照を追加すれば距離の効果を調べやすくなりますか。	同じモデル幅で距離だけを8と10へ変える対照です。位置数等の他条件もそろえます。同時変更の差を距離だけの原因にしません。
51-interpretability	読める情報と因果を区別する	probeで内部から正解ラベルを読めました。それでモデル自身がその情報を回答に使ったと証明できますか。	証明できません。情報の存在と利用の因果は別です。介入と対照を設計し、介入が他の性質も壊していないか調べます。
51u-002	観測用の値を扱う操作を分ける	(−4,1)のL1ノルムはいくつですか。detachしただけで元と独立したコピーが必ずできますか。	L1は5です。detachは微分追跡を切り離しますが、保存領域を共有し得ます。独立したコピーが必要ならclone等も検討します。
52-privacy	非公開化と数学的保証を区別する	名前の列を削除しただけで、差分プライバシーを達成したと言えますか。	言えません。守る隣接データの単位や出力分布の保証が必要です。項目を隠す処理と、その数学的保証は別です。
52u-002	安全な検出用データを選ぶ	記憶の抽出を試すcanaryとして、実在の人の秘密と人工の記号列のどちらを選びますか。	人工の記号列です。検査目的で人の秘密を追加しません。学習に含まれたかを推測することと、内容を引き出すことも区別します。
52u-003	公開範囲を項目別に記録する	重みだけ配布されたモデルを、学習データも再現手順も公開されたと紹介してよいですか。	よくありません。重み、コード、データ、学習手順の公開状況を別々に確認します。open-weightから全項目の公開は導けません。
53-research-design	否定され得る予測を書く	「モデルを良くする」を、位置情報の有無と正解率を使う検証可能な仮説へ直してください。	例：「同じデータと更新回数なら、位置情報ありの方がなしよりコピー正解率が高い」。同等以下という結果で支持されない可能性を残します。
53u-002	結果を見た後の問いを区別する	結果を見てから距離の影響が気になり追加実験しました。最初から立てていた仮説として書いてよいですか。	いけません。探索で得た問いと明記し、次の検証条件を事前に固定します。最初の問いと追加の問いを別に残します。
53u-003	誤答を全件分類する	誤答6件のうち根拠不足3、計算2、形式違反1でした。割合を求め、成功例だけを報告する場合との違いを述べてください。	それぞれ1/2、1/3、1/6です。全誤答を残すと弱点の内訳を検討できます。見栄えの良い成功例だけでは分かりません。
54-paper-reading	参照した版を特定する	同じarXiv論文のv1とv2で表の値が違いました。再現対象には何を記録しますか。	読んだ版番号とその表・条件を記録します。新しい版と比較するなら変更点も区別します。掲載自体は査読通過を意味しません。
54u-002	論文の節を読む目的に対応させる	「なぜ必要か」「以前と何が違うか」「どう実現するか」をIntroduction、Related Work、Methodへ対応させてください。	順にIntroduction、Related Work、Methodです。実際の論文では節をまたぐ情報もあるため、主張の根拠を本文で確認します。
54u-003	結果の条件を補足までたどる	主表の点だけでは学習回数が分かりません。再現前にどこを調べ、分からない場合どう記録しますか。	ExperimentsやAppendixの設定を調べます。見つからなければ未記載と記録し、自分の仮定を論文の条件と区別します。
54u-004	最小値とそれを取る入力を分ける	候補x=1,2,3の損失が4,1,2です。argminと最小損失を答えてください。	argminは入力2、最小損失は1です。記号が選ぶ入力と、関数の値を取り違えません。
55-writing	平均とばらつきをともに報告する	三回の得点が0.4,0.6,0.8です。平均はいくつですか。この平均だけから毎回0.6と言えますか。	平均0.6ですが毎回同じではありません。全値やばらつきを示し、誤差棒を付けるなら何の尺度か明記します。
55u-002	主張に実験条件を付ける	小さい合成コピー課題だけで改善しました。「全てのLLMで有効」を、証拠に合う文へ直してください。	例：「今回の合成コピー課題と設定では正解率が改善した。自然言語や大規模モデルへの一般化は未検証である」。試した範囲を主張に含めます。
56-capstone	変えた距離に採点位置を合わせる	0始まりで[BOS,答え,noiseを6個,separator,コピー先,EOS]です。separatorとコピー先の位置はいくつですか。	separatorは8、コピー先は9です。位置8から次の9を予測します。距離を変えても固定の位置を採点すると別の場所を測ってしまいます。
56u-002	失敗を含め全実行を集計する	三条件×四seedを予定し、一回失敗しました。報告表は何行を残し、平均の対象をどう明示しますか。	予定した12行を残し、一行を失敗と記録します。平均を成功11件で出すなら条件別の件数と除外理由を明記し、失敗を黙って消しません。
56u-003	第三者が再実行できる材料を点検する	結果表だけを渡しました。同じ表を再生成できる報告書へ追加すべきものを挙げてください。	コードの版、環境、データ生成・分割、全設定、実行コマンド、全runの生結果と集計手順を付けます。問い、変更点、失敗、限界も記述します。
